FirstName,LastName,Patronymic,DateOfBirth,MathScore,RussianScore,PhysicsScore
Zaccaria,Furman,Farryann,20/03/2016,11,55,36
Hortensia,Chettoe,Maysor,15/12/2019,25,8,52
Angel,Upstell,Welbourn,27/06/2004,54,57,31
Kaila,Stubbes,MacCardle,08/05/2005,8,86,15
Georgianna,Leadley,Feaster,02/12/2019,73,51,96
Georgeanna,Royal,Conville,08/11/2001,95,97,2
Jareb,Donizeau,Dederick,08/12/2008,98,40,41
Magda,Monini,Pady,02/07/2004,32,15,39
Starlene,Pre,Balogh,08/07/2009,13,83,69
Goldarina,Solloway,Bremmer,16/06/2011,57,80,17
Brook,Graber,Musson,09/08/2018,63,1,49
Arnaldo,Maving,Hurl,11/11/2012,1,96,41
Willis,Elcombe,De Biaggi,12/03/2020,43,33,99
Thorvald,Petrello,Lyddiatt,20/07/2001,53,71,47
Irita,Hadlee,Mostyn,14/09/2007,42,18,66
Bonnee,Rooper,Fedorski,26/02/2007,28,10,39
Lek,Dykes,Farland,22/11/1997,33,56,35
Lin,Innott,Beningfield,14/01/2013,76,60,52
Alano,Riccard,Baraja,28/01/2016,88,74,84
Charlotte,Robbie,Holah,22/02/2007,11,73,94
Sorcha,Urian,Richardsson,24/11/1999,67,31,42
Dorita,Studeart,Dufour,27/03/2009,44,32,61
Gino,Bracci,Theriot,16/10/1999,18,32,11
Freda,Pagram,Gladhill,08/02/2021,32,30,23
Padgett,Slocum,Woller,29/09/2000,38,72,43
Shelley,Ivanchikov,De Dei,19/01/2015,16,65,67
Mohandas,Springthorp,Burgyn,20/06/2000,38,86,31
Onofredo,Mc Combe,McGhie,15/10/2002,87,78,12
Richy,MacKinnon,Skellen,12/03/2016,54,37,50
Alric,Pitchers,Rooson,18/11/2020,76,61,13
Brandice,Lorenc,Jessop,05/01/2009,25,67,45
Dorisa,Studholme,Peasby,31/08/2001,99,5,42
Carmine,Dalling,Walczynski,24/02/1999,92,76,94
Hervey,Fihelly,Duham,05/01/2000,2,80,60
Caitlin,Suche,Welden,06/07/2002,43,74,18
Hagan,Roberds,Phillipps,26/03/2018,100,98,72
Alis,Brewster,Woolard,29/06/1997,92,74,52
Charla,Gyrgorcewicx,Lukehurst,14/07/2002,28,82,29
Webb,Barton,O'Dunniom,04/10/2005,77,44,24
Melantha,Boundy,Duplock,21/04/2017,67,50,99
Pasquale,Heenan,Wiz,08/12/2012,0,54,97
Israel,Bryson,Cleynaert,19/04/2005,74,68,70
Juieta,Kording,MacConchie,13/03/2019,21,39,40
Celie,Hasloch,Battyll,17/03/2001,52,55,65
Caty,Lilie,Manion,17/05/2014,6,100,60
Jeri,Sime,Stockings,29/10/2015,83,76,100
Francklin,Loveless,Drinnan,01/10/2004,76,53,15
Reggie,Dewett,Magnay,16/03/2004,74,56,79
Hazel,Bedham,Handling,01/07/2019,0,64,80
Giraud,Andreoletti,Goracci,18/12/2017,50,32,14
Hillie,Winsom,Brine,14/09/2001,49,15,86
Agata,Goodered,Acarson,10/01/2014,37,46,48
Shara,Razzell,Dilger,12/07/2004,7,59,23
Tiffani,Oliff,Havers,15/02/2005,35,2,61
Lorena,Gatenby,Reichhardt,13/04/2001,22,1,74
Kiley,Gollard,Minet,26/06/2018,52,30,10
Mayer,Remnant,Wontner,20/11/2003,50,57,3
Sianna,Witherdon,Bernli,20/03/2006,70,23,36
Ardisj,Leyre,Shakespear,09/02/2014,74,3,62
Jerri,Sodor,Paoloni,15/04/2017,22,15,23
Adara,Brunsdon,Grossman,23/04/2005,41,8,47
Lek,Kuschek,Pfeffel,07/11/2005,31,55,67
Jeanne,Juggins,Tomankiewicz,28/07/2008,89,11,94
Fiona,Longea,Dray,08/05/2009,76,8,70
Isahella,Tatchell,Kilmurry,05/09/2003,36,66,14
Obediah,Kenderdine,Fittis,29/11/2001,23,98,92
Ophelia,Bodycomb,Wonham,08/02/2008,16,12,96
Judie,Cavendish,Masterton,21/05/2001,98,47,32
Ganny,Bullin,Gatherell,09/02/2008,46,24,73
Gustaf,McKennan,Eric,13/11/2015,94,55,71
Ursulina,Sciusscietto,Punshon,06/12/2008,7,46,28
Granville,Sandyford,Semiraz,05/01/2021,55,65,27
Burch,Heasley,Gurton,24/03/2005,86,98,50
Jayme,Eversfield,Rispen,20/03/2004,91,64,32
Blinnie,Atteridge,Oglesbee,25/01/2021,39,39,79
Feodor,Zellmer,Stanborough,03/09/2014,50,3,39
Broderic,Okker,Cranstone,06/04/2007,94,50,90
Monro,MacPharlain,Savine,24/07/2016,80,37,94
Lotta,Frontczak,Rhule,09/03/2004,81,41,8
Carl,Gurys,Brookhouse,12/05/2019,85,71,40
Isadore,Gavin,Foystone,16/07/1997,37,82,64
Donavon,Broadway,Claessens,19/10/2001,82,66,27
Wallie,Skinner,Helix,03/09/2006,96,27,84
Armand,Dell Casa,Gowanlock,22/11/1998,1,5,44
Kimball,Neads,Tavernor,15/10/2005,99,78,82
Scarlet,Delgadillo,Zorro,25/10/2011,95,76,17
Marie,Alanbrooke,Pohling,05/06/2010,92,23,18
Mikael,Dallyn,Van der Kruis,07/07/2010,34,64,77
Arvin,Heineken,Haug,24/06/2013,25,55,22
Bobbie,Goldsmith,Tolliday,19/05/2008,62,14,80
Miran,Sumers,Baltrushaitis,30/03/2018,14,30,37
Jeremie,Gostage,O'Toole,01/07/2008,53,51,45
Donny,Morch,Swarbrick,12/09/2012,78,7,33
Thea,Gaskin,Pile,18/01/2021,25,67,45
Dannye,Alelsandrowicz,McKimmie,14/11/2000,58,84,43
Margaret,Beaver,Massingham,21/11/2012,29,14,59
Molli,Blondin,McMurtyr,28/09/2004,46,90,19
Mead,Dukelow,Bezarra,14/02/2005,78,31,32
Greg,Wainwright,Kornilyev,27/12/2002,72,27,99
Carmina,Bourke,Brookfield,05/08/2007,4,17,74
Keelby,Alben,Semper,09/08/2011,73,35,31
Jillene,Dominguez,Pudner,31/08/1999,1,19,44
Van,Glanton,McCurtin,10/01/2004,92,44,47
Avrom,Thowes,Longhi,17/10/2001,81,34,62
Maryjane,Rudolfer,Sturr,09/02/1998,79,31,53
Blanche,Kubelka,Couvert,01/11/2008,5,48,57
Leoine,Bellerby,Ragdale,25/08/2009,42,68,27
Neilla,Lias,Lawey,17/05/2006,76,28,9
Herc,Trumper,Dewerson,05/09/2016,31,43,9
Erminie,Wedderburn,Lawrenceson,04/02/2005,10,38,44
Bax,Leethem,Kirkebye,13/10/2015,26,40,15
Judye,Laurentino,Rosnau,07/05/2012,95,77,16
Kelci,Balharrie,Henniger,07/12/2018,4,61,26
Sally,Southby,Wratten,08/07/2007,34,71,52
Christabel,Oda,Bartley,02/01/2014,86,90,60
Martie,Walkling,Currin,23/12/2010,26,60,29
Margarete,Bewshire,Denidge,02/12/2001,46,65,82
Rachel,McGinn,Pepys,04/08/2002,1,58,7
Jedidiah,Keunemann,Gritsunov,11/05/2018,23,85,43
Marigold,Cantero,Korneichuk,27/04/2006,66,95,51
Richart,Conlon,Arnholdt,25/10/2014,59,49,46
Herculie,Cecchi,Goodship,09/04/2016,67,78,87
Alida,Dannell,Freeborn,21/01/2017,1,5,92
Gratia,Cattonnet,Hachard,30/09/2008,49,66,43
Amalea,Lube,Bruno,05/03/2007,62,9,75
Wesley,Vatcher,Jancey,17/06/2015,52,39,15
Ceciley,Gillings,Thackeray,09/10/1997,76,66,32
Ev,Pipe,Sunnex,19/02/1999,2,75,48
Cosetta,Laffin,Justis,23/10/2005,91,65,81
Cody,Leblanc,Keiling,24/04/2005,98,13,86
Arabela,Ingliss,Gamwell,19/04/2012,32,33,31
Elijah,Ickovici,Alton,07/05/1998,27,64,80
Dickie,Birchett,Marcham,13/01/2020,2,18,42
Willie,Halshaw,Furneaux,18/09/2017,7,63,88
Cristin,O'Cuddie,Rosenau,01/03/2018,14,83,36
Natalie,Coffelt,Alejandro,07/09/2017,21,91,2
Constantine,Heiden,Offa,12/04/2001,40,80,50
Dermot,Bernardo,Smalles,21/07/2016,50,44,23
Luz,Malthus,McNally,20/10/1999,82,28,71
Emmy,Jojic,Wycliffe,25/12/2002,30,97,33
Northrup,Lowde,Kittless,19/05/1997,52,87,74
Stacia,Carwithen,Shippey,17/02/2016,77,87,33
Minnie,Pollen,Demangeot,07/11/1997,16,6,83
Artemas,Gilchrist,Maidstone,11/05/2007,7,85,51
Brendon,Jakubski,Tivolier,18/08/2013,29,31,14
Adriaens,McAuley,Syms,04/08/2003,96,89,46
Nollie,Cicci,Linsey,17/03/2019,25,19,13
Adolphe,Macguire,Neaverson,20/07/2007,60,63,75
Moritz,Portman,Mosdill,22/09/1997,15,42,94
Drusi,Balston,Hartman,10/01/2008,80,64,25
Sergei,Hefferan,Rean,15/09/2012,49,95,10
Roland,Braemer,Andrusov,07/06/2015,42,67,99
Diannne,Zanneli,Hounihan,02/06/2003,21,93,29
Glenna,Drew-Clifton,Moors,17/01/2017,73,34,59
Darsie,Prince,Challin,02/07/2002,15,61,54
Tamarah,Sheddan,Jillins,25/07/2005,39,43,66
Griswold,Culleford,Gristwood,11/11/2020,72,34,60
Adrea,Kinvig,Diplock,29/06/2006,95,79,81
Yasmin,Culver,Gumme,13/07/2012,95,98,61
Roland,Bryns,Fakes,11/02/2021,23,15,54
Millisent,Gini,Riccio,17/06/2010,42,68,13
Leonore,Auty,Warrick,28/09/2004,32,59,67
Nollie,Gotecliffe,Aslen,25/03/2000,90,71,78
Judye,Grannell,Mc Elory,25/03/2010,87,24,56
Tommie,Patience,Schutter,01/10/2000,55,23,81
Johann,Penright,Peres,29/03/2002,92,95,59
Cyrill,Sabberton,Edy,12/01/2020,66,25,17
Angela,Karolczyk,Bohlin,11/09/2009,63,70,77
Ambrosi,Nono,Andrassy,05/06/2007,57,27,33
Dario,Wadie,Krook,25/08/1999,27,43,19
Wilton,Newell,Curphey,26/11/2001,14,36,70
Bryce,Lideard,Basnett,13/12/2004,69,62,81
Merwyn,Kieff,Fawbert,20/04/2014,34,44,83
Hewie,Iglesia,Byass,09/10/2014,50,2,51
Myrilla,Vader,Boas,03/07/2000,12,89,9
Gaye,Webb,Claremont,03/06/2020,26,70,87
Ethelda,St Ledger,Jore,30/04/2015,26,28,54
Sharla,Speir,Visick,24/07/2005,80,37,28
Sterling,Buncombe,Dennis,14/01/2006,34,48,49
Yetty,Gemelli,O'Kerin,12/03/2000,95,50,69
Hasheem,Tallyn,Howselee,26/02/2005,1,69,60
Ianthe,Stewart,Boyall,04/05/2001,5,32,35
Tabb,Koeppe,Blaylock,12/07/2005,95,84,38
Vernon,O' Sullivan,Gilogly,10/08/2007,31,18,83
Leda,Quittonden,Snell,05/02/2004,15,70,96
Susannah,Ryton,Cellier,13/01/1998,55,90,83
Annora,Rustidge,Scini,24/12/2016,11,85,12
Joshuah,Flieger,O'Donnelly,09/10/2008,94,73,75
Giffie,Cufflin,D'Orsay,24/10/2015,74,93,18
Davy,Sheehan,Mughal,20/09/2003,86,35,51
Raquel,Enticott,Dudek,03/04/2020,89,61,30
Sigismond,Meiningen,Falla,04/03/2014,95,34,60
Terrance,Pezey,Spall,01/02/2012,80,30,86
Tyson,Weatherdon,Pountney,29/02/2008,88,70,76
Dar,Phizackarley,Scyone,14/04/2016,91,78,30
Charlie,Clue,Rigate,28/05/2013,0,37,83
Antons,Roubeix,Theml,08/07/2002,30,39,66
Reuven,Malim,Dine-Hart,23/03/2004,12,2,72
Sherrie,Goudge,Travers,07/02/2011,6,53,52
Hilary,Gronno,Lamort,08/01/2006,25,70,20
Aime,Banbrigge,Martinovsky,18/04/2011,2,70,80
Alfie,Carnegie,Cameron,17/11/2001,26,90,13
Daffi,Tremethack,Morratt,02/12/2002,91,90,27
Lilia,Penning,Farran,24/08/2004,64,90,38
Mandel,Moakes,Monkley,06/04/2005,62,84,63
Ban,Hitschke,Spurdens,26/05/2007,32,6,56
Jewel,Biskupski,Proven,04/12/2010,67,70,38
Malva,Denver,Belz,27/12/2014,64,4,92
Odey,Fronks,Van de Castele,04/05/2020,59,80,67
Bennett,Clemente,Jaggi,20/09/2009,2,97,5
Brianne,Parysiak,Bontoft,01/08/2014,92,90,51
Alasdair,Postians,Hoppner,01/12/2018,91,93,74
Scarlett,Palomba,McMillan,14/03/2006,99,46,86
Erwin,Wontner,Garm,17/03/2018,29,99,46
Agosto,Gaggen,Emanuelli,17/10/2008,31,57,31
Blinny,Aldis,Haffenden,02/01/2013,53,95,90
Teirtza,Gabe,Hammant,18/07/2009,84,10,19
Jeanine,Walczynski,Stansbie,19/04/2004,82,24,15
Charla,Diwell,Eite,17/04/2020,6,66,30
Astrid,Rushby,Crosskill,19/03/2017,59,21,29
Melisent,Whitloe,Marking,17/07/2018,77,98,16
Liva,Buntin,Citrine,03/12/1997,91,41,73
Callie,Boughey,Palluschek,05/10/2006,38,31,85
Felic,Sinnie,Holson,10/03/1999,50,53,60
Wernher,Scarisbrick,Archanbault,23/11/2009,39,46,68
Callie,Beaten,Mosconi,08/03/2007,8,21,59
Laughton,Cannavan,Pengelly,10/09/1999,94,59,75
Stearne,Leyrroyd,McKune,12/12/2007,12,4,63
Ximenez,Clulow,Gaskin,26/06/2000,5,48,72
Lorain,Havenhand,Levene,06/12/1998,73,47,22
Eddie,Brittles,Margrie,16/06/2005,44,92,87
Cara,Ferrieroi,Probert,11/01/2005,31,80,1
Katheryn,Conduit,Dunbobbin,22/12/2012,100,51,33
Frank,Madison,Pischel,25/04/2014,8,8,71
Art,Blythe,Pawling,10/11/2007,50,100,10
Edvard,Clohessy,Blagburn,16/12/1999,84,25,35
Abran,Aleixo,Lesek,28/11/2015,78,92,1
Julianne,Shakesbye,Faivre,08/05/2002,21,29,95
Maddie,Walklott,Farryan,17/12/2004,57,68,82
Nickolai,Stoaks,Watson,23/07/2003,14,31,60
Hal,Shorie,Wheal,18/02/2012,75,78,7
Rosanna,Sambrok,Ledstone,05/01/2000,92,40,75
Abbe,Delos,Pyatt,25/01/1998,16,81,98
Vicki,German,Malyon,01/11/2003,34,27,40
Roddy,Beaney,Malam,12/11/2002,31,43,69
Mehetabel,Eisold,Chinnock,10/05/2003,43,44,45
Gordan,Chippindale,Willmot,03/06/2019,10,58,37
Tannie,Sauvan,Deluze,15/10/1999,2,64,71
Madelin,Nesey,Dabrowski,06/04/1999,2,23,58
Tomas,Cornil,Saulter,30/08/2000,83,99,45
Tabbi,Harner,Khomin,17/06/2008,44,60,77
Baillie,Cokly,Coom,11/03/2014,49,33,51
Tisha,Poundford,Ebrall,10/02/2008,86,95,88
Roley,Swannell,Briggdale,01/02/2020,17,33,62
Horace,Raven,Grewar,07/07/1997,78,22,72
Roxi,Beacroft,Le Brun,18/07/1998,16,63,26
Kay,Gaynsford,Grainger,11/05/1998,57,12,21
Roobbie,Cuddihy,Shortland,11/03/2003,69,97,46
Mireille,Spyby,Ferguson,25/10/1998,41,51,66
Archibald,Bastian,Lestrange,01/05/2007,20,32,92
Barnebas,McGlade,Gatus,03/05/2018,99,22,14
Bunnie,Ormrod,Island,17/12/2017,98,2,49
Corene,Roelofsen,Ettles,28/04/2006,74,87,5
Elbertine,Hanscom,Metcalfe,20/03/2014,77,44,23
Garey,Ketley,Creggan,02/06/2007,45,18,74
Marvin,Hymus,Erridge,25/12/2009,48,83,85
Kore,Gobel,De Antoni,10/01/1998,66,50,90
Romeo,Bennike,Smetoun,25/06/2006,34,74,95
Friederike,De Vaux,Shoebridge,19/07/2007,86,97,6
Darsey,Obey,Looby,29/12/1998,23,17,66
Elias,Banbridge,Tuffley,15/11/2019,2,7,20
Meggy,Ollerearnshaw,Spore,15/03/2021,25,69,91
Franklin,Settle,Pues,31/10/1998,15,52,86
Vanya,Langfitt,Kirsche,19/05/2018,82,42,17
Reinaldo,Moscon,Mapston,30/06/2008,2,82,76
Red,Salman,Hegdonne,09/12/2011,39,34,14
Cordie,Mcasparan,Shewon,14/04/2020,60,77,11
Laverna,Dally,Korba,25/03/2015,8,79,56
Lynnet,Dreakin,Southwood,19/03/2011,63,56,64
Orville,Yockney,Babbidge,07/11/2020,23,34,70
Adiana,Sidnell,Pitsall,31/03/2020,63,25,29
Zedekiah,Bettles,Worgan,04/10/2014,44,45,12
Jackie,Slinger,Percifull,06/05/2019,61,48,82
Stanislas,Viegas,McGaughay,14/11/1997,90,29,63
Raye,Fishly,Erangy,11/07/1997,87,78,88
Brittani,Gon,Lugsdin,26/04/2014,72,52,66
Berthe,Maffeo,Creboe,26/08/2007,52,22,77
Anatollo,MacKellar,Goldes,04/03/2017,75,79,25
Dominique,Syde,Shardlow,18/08/2013,76,84,22
Hurlee,Surmon,Quinnelly,01/03/2004,18,82,18
Lavina,Dunstall,Habbeshaw,26/02/2008,86,67,29
Anthe,Waszczyk,Quelch,22/04/2014,86,25,67
Zara,Kenwell,Matejka,29/10/2002,84,62,69
Salome,Mitchel,Skelding,02/12/2017,6,45,94
Cathy,Rilings,Hallaways,03/05/2002,95,41,91
Clim,McGilbon,Mushet,18/07/2010,14,88,28
Jonah,Aynsley,Ainslie,11/08/2008,2,21,99
Lazare,Robic,Rosenblum,26/05/2006,36,64,38
Petra,Pentony,Cardwell,21/11/2012,99,67,79
Ag,McMeyler,Dobbie,10/06/2019,4,3,18
Barnabas,Matthieson,Braizier,18/03/2009,47,73,62
Wandie,Dallander,Crannell,17/11/2009,31,30,11
Morgen,Breslau,Buckthought,30/01/2007,16,1,42
Karlotte,Doel,Martschik,14/02/2015,39,82,87
Zorina,Kopelman,Venny,05/05/2012,90,65,85
Fianna,Darrigone,Rustedge,19/08/2017,35,1,20
Eachelle,Dallon,Rooms,25/07/2006,8,17,36
Der,Kulicke,Vickerstaff,29/08/2016,5,90,89
Hubie,Avramow,Suart,28/06/1997,41,12,27
Keane,Pretty,Keune,20/10/2003,54,72,100
Hayley,Shelsher,Baskeyfield,27/02/2007,81,4,8
Cariotta,Marchington,Eliyahu,21/11/1997,91,60,32
Kevyn,MacCarroll,Ioannou,07/06/2014,43,43,47
Jarret,Runnett,Stammers,27/11/2000,92,8,77
Selena,Jira,Leband,08/10/2011,43,41,39
Sherye,Dmytryk,Camble,23/09/2015,66,74,16
Jinny,Scaife,Sergeant,13/06/1997,55,3,19
Daniel,Quare,Trewartha,14/12/2010,29,38,74
Farleigh,Cleall,Pracy,28/11/2011,65,22,48
Cozmo,Golsworthy,Wilfing,15/11/2016,44,48,50
Rollie,Mellhuish,Bartlet,14/07/2020,31,52,48
Laureen,Galpin,Rickerby,30/05/2010,46,35,43
Philbert,Walshaw,Delahunt,23/10/2015,100,12,94
Jackson,Oaten,Riseborough,03/01/2020,8,58,7
Aigneis,Charlot,Gellier,30/05/2013,90,13,79
Leicester,Pawel,Stegers,21/06/1998,9,50,13
Mathias,Vanderson,Bigby,12/02/2002,7,18,9
Vin,Heelis,Iacovo,08/08/1998,19,7,35
Sydelle,Floris,Eam,17/12/2019,96,56,64
Ingrim,Grissett,Colebourne,25/12/2004,22,42,47
Rourke,Aven,Somner,15/01/2004,23,79,33
Aura,Maccari,Scantlebury,18/03/2016,68,56,13
Sunny,Auty,Toor,13/06/1999,65,77,19
Lynnet,Newbold,Phippen,18/05/2009,30,58,75
Ardith,Glave,McCarroll,27/12/2012,59,81,78
Chaunce,Rubinfajn,Kernermann,26/12/2012,70,62,39
Wilbur,Oliva,Sidnall,06/07/2011,68,2,38
Mandel,Gradly,Mosen,18/09/1999,43,68,94
Cosetta,Powley,Michin,05/07/2013,39,10,69
Goddart,Docket,Kyles,31/01/2004,23,42,91
Dolores,Anneslie,Drezzer,01/04/2016,64,60,14
Joice,Lovell,Gierck,19/10/2011,41,97,48
Adriana,Rawdales,Wilsone,21/04/1999,2,60,100
Sibley,Eastham,Ferriman,30/06/2009,0,93,42
Consuela,MacLaig,Osbourn,12/10/2005,77,12,4
Sula,Peagram,Brogden,27/07/2019,28,70,12
Ashlee,Benoi,Nollet,23/02/1998,53,53,58
Teodor,Leadston,Brettoner,08/04/2002,94,30,43
Deni,Imlin,Abrahamsen,14/10/2000,73,78,2
Marianne,Carous,Fyldes,02/11/1999,20,47,39
Vail,Corrado,Dammarell,29/06/2015,62,79,36
Nona,Sahnow,Copnell,05/09/2017,7,32,73
Raven,Bartholomaus,Dowson,08/05/2019,78,28,18
Mei,Probin,McClaren,22/04/2006,2,75,78
Phyllys,Conew,Kilius,21/06/2010,40,34,46
Courtney,Kenafaque,Raisher,20/06/2018,64,34,43
Jerry,Effemy,Redemile,03/11/2001,4,73,71
Barbey,Scantleberry,Tew,16/07/2014,68,71,53
Hope,McGuire,Baston,03/04/2011,97,35,64
Malissia,Newlands,Samuel,27/04/2004,40,59,42
Hoebart,Royan,Baile,18/01/2020,85,14,6
Catherin,De Andisie,Verling,17/02/2015,66,51,96
Cass,Abercromby,Dinse,04/02/1999,31,96,86
Grover,Biddulph,Boyles,19/12/2010,22,52,14
Deb,Brydell,Gaye,26/03/2010,9,47,73
Curr,Gunnell,Patriskson,29/01/2019,19,88,18
Bonnibelle,Gudgin,Pedersen,29/07/2017,65,94,67
Levin,Cradock,Picardo,08/05/2018,71,25,29
Letizia,Coggan,Bernakiewicz,04/02/2020,59,69,82
Tallie,Dudden,Rotherforth,15/12/2001,65,22,100
Farrel,Mizzen,Ricciardello,30/06/2017,9,45,45
Teddy,Suffe,Wand,05/10/2011,63,95,53
Robinson,Bootland,Wonfor,03/06/2004,1,9,21
Chauncey,Baldrey,Gorioli,26/11/1997,6,20,95
Blake,Cesaric,Follacaro,29/01/2021,59,47,46
Matias,Aitken,Shasnan,09/01/1999,20,99,14
Rip,Peret,Forte,12/08/1997,79,85,89
Stearne,Oakland,Kimmons,24/01/2020,29,39,91
Freeland,Beneyto,Gwilliams,17/05/2002,15,18,63
Eula,Gosalvez,Munton,16/12/2008,53,95,15
Marsh,Durtnell,Moakes,27/02/2012,74,87,34
Olvan,Wingfield,Pennetta,19/08/2013,77,19,68
Dore,Parsons,Rushbrooke,25/06/2003,49,26,84
Gaile,Slafford,Zute,29/05/2012,21,26,73
Gerry,Aslet,Plumridege,07/07/2010,73,15,13
Genovera,Morrish,Brodeau,24/07/2017,81,15,76
Jodie,Parvin,Hazelhurst,22/10/2008,9,51,50
Eleonore,Mouncher,Marquis,22/03/2018,24,61,33
Jozef,Conroy,Challens,09/03/2013,35,52,89
Mabelle,Beggi,Sallnow,06/09/2003,21,29,24
Rickert,Davidi,McCard,08/07/2009,59,40,95
Jesus,Eymor,Webb,27/12/2009,55,86,70
Gaspard,Coomes,de Vaen,27/12/2015,96,14,56
Torin,Forsaith,Grinov,13/07/2012,84,34,92
Doy,Banfill,Gorger,21/08/2002,55,29,98
Maryanna,Kilbee,Peyes,09/11/2019,61,64,17
Charis,Colthurst,Clitherow,21/11/2013,49,22,43
Erina,Masding,Bilby,02/09/2017,53,35,5
Kinsley,Whitmore,Loutheane,03/01/2006,1,51,95
Kendricks,Boal,Wilkison,10/05/2020,28,2,63
Lucie,Roizn,Balfe,09/11/2007,7,52,48
Elijah,Tipperton,Cubitt,13/05/2020,86,87,70
Herschel,Philbrook,MacMurray,05/04/2000,58,86,5
Alix,Balint,Rankcom,31/10/1999,4,13,7
Shelagh,Ghidoli,Alday,09/02/2010,2,67,5
Lenard,Scartifield,Gockeler,23/09/2018,79,75,2
Marilyn,Pellissier,Rabb,13/07/2009,48,4,36
Madella,Hammerich,Ryam,22/06/2009,55,64,48
Lana,Scamel,Kahan,30/12/2016,2,40,72
Portia,Ferrone,Trorey,18/11/2007,72,16,65
Theodore,Woodier,Pahler,05/10/2001,14,68,99
Dulcine,Watterson,Payfoot,09/02/1998,1,65,98
Geoff,Watkiss,Langford,08/11/2003,61,26,35
Chick,Osmint,Mateescu,26/02/2008,35,37,65
Delcina,Tollerton,Tofanini,20/11/2005,33,18,94
Gradey,Tustin,Jaxon,18/01/2003,5,25,1
Claribel,Sjollema,Dullingham,07/03/2002,47,29,71
Innis,Kobus,Sreenan,21/07/1997,24,25,85
Darlleen,Krale,Swindlehurst,29/05/2016,66,83,98
Blakelee,Battey,Izhak,06/06/2008,48,40,7
Ceciley,Pickwell,Rains,09/11/2015,12,83,2
Yovonnda,Gyngyll,Maplethorp,01/09/2000,41,78,95
Amitie,Elmhurst,Cranfield,23/08/2004,47,31,90
Kesley,Pettersen,Easthope,24/07/2006,44,38,91
Otha,Whitchurch,Dryden,06/05/2020,2,36,67
Aubrey,Hanson,Varnham,28/02/1999,45,28,74
Karine,Pabelik,De Bruijne,21/02/2017,55,11,10
Paxton,Sherington,Troup,14/03/2002,52,36,32
Elberta,Huntar,Costelloe,28/08/2004,42,55,79
Vanna,O'Noland,Bartels,25/05/2012,85,69,27
Georgina,Eaden,Hambly,28/02/2005,53,79,64
Gaston,Gregh,Gore,12/11/2003,85,13,77
Sam,Hebditch,Abramzon,02/06/2005,79,25,99
Raffarty,Ganing,Meechan,16/10/2004,70,37,17
Nikolia,Aubry,Blofield,28/09/2020,19,90,63
Vern,Darkin,Trehearn,31/07/2010,5,76,42
Flint,Brahms,O'Cahill,16/01/2013,28,32,94
Odelia,Purkess,Dikels,17/10/2017,52,10,3
Teador,Klimecki,Behrendsen,25/02/2020,1,93,38
Tamas,Popham,McGinn,03/11/2013,63,55,69
Gerhard,Kalkofer,Pendre,07/09/2007,37,88,89
Dee dee,Consadine,Carrabott,05/10/2001,7,50,83
Cameron,Hellsdon,De Lasci,16/05/2006,3,41,5
Thaddeus,Rassell,Machin,19/12/1998,71,53,33
Claiborn,Fronks,Heggison,18/12/2019,6,54,95
Kamilah,Sawtell,Pardy,30/10/1997,45,24,20
Nedi,Cornes,Girvin,01/05/2007,29,90,53
Maiga,Garshore,Rowatt,11/08/2002,39,64,58
Guido,Berget,Weavill,19/05/2001,70,42,13
Cornelius,Smees,McCrillis,30/07/2008,27,19,66
Henrietta,Titta,Menary,29/05/2016,1,44,3
Simonette,Stonuary,Spurdens,22/02/2016,16,52,77
Thomasin,Scampion,Scarsbrook,30/01/2021,54,29,51
Alia,Hundley,Gilks,04/02/1999,64,99,22
Horatius,Truesdale,Canellas,04/12/2000,42,83,88
Dode,Gorsse,Dunmuir,28/08/2016,27,29,29
Dianna,Corker,Somerset,06/02/2006,66,55,90
Shelagh,Kynoch,Chippindall,16/10/2018,54,65,65
Rockie,Lambole,Surmeir,20/06/2007,41,45,83
Jozef,Mapis,Bulter,12/04/1999,86,61,78
Kathlin,Shinfield,Feaver,17/09/2016,10,61,83
Bendick,Stebbings,Ginsie,23/09/2003,70,91,55
Durward,Parlot,Sebrens,08/09/2012,85,64,93
Leora,Demogeot,Hupka,30/10/2014,59,96,10
Blithe,Brightey,O' Connell,03/02/2010,19,64,68
Boony,McMillan,Goodie,05/02/2003,52,16,2
Emilie,Lello,Faltskog,22/04/2011,17,23,41
Martainn,Fathers,Spirit,03/07/2005,38,37,86
Fifine,Mosen,Folbige,21/11/2015,39,49,74
Christalle,Bains,Toulson,24/06/2001,70,60,99
Lynna,Salleir,Shailer,07/10/2014,50,84,6
Sunny,Blount,Averall,14/11/2003,61,63,25
Sandi,MacGillicuddy,Bonnick,08/06/2009,58,4,14
Annie,Lawlee,Beggan,22/06/2020,81,39,19
Welsh,Frankham,Shoesmith,27/10/1998,96,17,5
Ambrosius,Connerly,Beurich,30/05/2017,3,66,8
Grant,Baine,Petracco,11/02/2004,93,86,95
Eugenius,Penwright,Walcot,03/12/2005,41,59,64
Lyda,Durnford,Timbrell,16/05/2002,14,7,79
Kleon,Ison,Boor,09/09/2001,98,42,67
Gerick,Leavens,Bartolomeotti,01/02/2006,81,96,47
Anselma,Littley,Soppeth,05/08/2006,71,89,3
Ira,Rengger,Shortcliffe,11/07/2003,15,71,33
Winn,Yakobovicz,Arsnell,15/12/2010,31,17,60
Rena,Ratray,Bimrose,18/02/2005,34,42,9
Fitz,Alphege,Camolli,31/08/1999,74,81,61
Osborne,Callacher,Guppey,08/08/2012,16,71,72
Thorpe,McTiernan,Yarrow,21/10/2009,30,15,31
Emogene,Kipling,Lippitt,01/03/2021,16,85,61
Tab,Scrivenor,Atcock,10/04/2009,93,15,19
Joseito,Valintine,Edlington,23/05/1999,78,90,63
Humberto,Allridge,Bartelot,18/01/2003,66,18,41
Dinny,MacAllaster,Colliver,01/07/1999,26,87,81
Gino,Slimings,Apark,31/08/2019,30,83,82
Myrwyn,Burnhill,Orry,24/07/2003,81,91,36
Hilton,Dabernott,Benedetti,25/10/2016,41,83,27
Gerhardine,Nutbeem,Mishaw,25/09/2011,93,37,99
Roth,Luckes,De La Hay,06/02/2019,47,84,82
Boycey,Roseborough,Grundon,09/07/2018,36,11,40
Adelheid,Willes,Mohun,08/04/2019,46,88,14
Emelita,McKaile,Beaton,25/10/2020,54,77,41
Hazlett,Brammar,Ricson,10/05/2013,56,51,38
Lyndsie,Cawdell,Christoffersen,26/02/2017,88,53,11
Austine,Ackenhead,Wiltsher,01/12/2001,31,65,4
Catlee,Reiling,Griffen,26/05/2010,51,26,25
Annis,L'Hommee,Jenkerson,19/11/2018,55,1,41
Seana,Bawdon,Saffill,07/10/2005,89,14,58
Shanan,Ogborne,Thorndale,02/05/2017,1,72,13
Christian,Benoiton,Brideau,08/10/2016,86,10,38
Tedman,Folds,Rivenzon,03/08/2009,71,30,91
Rockie,Ranscome,Lilly,12/07/2008,77,83,35
Natal,Lammertz,Trent,25/10/2006,36,66,36
Aubree,Guppy,Gillson,30/07/2018,82,1,89
Waverley,McLurg,Gelsthorpe,11/12/2011,88,4,15
Merry,Itzcovichch,Clemetts,01/04/2009,60,47,46
Lorianne,Morales,Seine,15/03/2015,65,34,90
Midge,Lohden,Jzak,23/09/2014,91,83,35
Gunner,Stiggers,Dinsey,25/07/2013,66,93,9
Grover,Pottery,Matushevich,26/05/2009,72,19,5
Nicoli,Hanscom,Beswetherick,18/06/2006,81,49,62
Sioux,Dwelling,Longthorne,11/10/2019,78,72,20
Willetta,Tailby,McKaile,10/10/2007,88,7,53
Yuri,Huyghe,Lingley,04/05/2000,2,29,99
Andrey,Brosini,Vannah,08/09/2001,10,63,86
Kassia,Scotchbourouge,Boecke,03/10/2006,46,76,81
Basil,Sayers,Greening,27/09/2012,51,87,32
Ardys,Worsfold,Oxton,26/02/2011,40,51,49
Michaelina,McVanamy,Di Maria,18/01/1999,35,4,38
Sophronia,Banbridge,Symcoxe,17/07/2015,11,62,70
Prinz,Haggarth,Leyshon,27/10/1999,80,48,49
Hilly,Rodman,Balazin,01/07/1998,63,63,21
Kellby,Meaking,Tappin,22/07/2014,14,31,74
Iolande,Mattsson,Korneev,02/10/2019,18,13,44
Patsy,Digginson,Mollett,03/03/1998,68,35,14
Clemmie,Stebles,Haskey,07/10/2019,11,34,18
Levon,Hulk,Fonteyne,16/05/2000,57,77,90
Lanie,Balaisot,Snugg,13/10/1997,57,80,93
Lesya,Jakuszewski,Everington,02/02/2013,51,6,89
Val,Penni,Lotherington,31/10/2020,18,96,61
Mela,Hegden,Stonnell,14/09/2020,8,82,89
Cherry,McQuilty,Wettern,20/01/2005,99,87,71
Farrell,Farnham,Shallcross,05/09/2007,73,7,93
Rora,Dignon,Heggs,02/06/2018,71,100,11
Desdemona,Sawl,Rusbridge,06/09/1999,13,74,68
Kathryne,Battell,Emes,20/09/2017,95,15,50
Port,Attwool,Beacham,25/02/2004,32,58,19
Vernor,MacKniely,Sivyer,15/10/2020,1,73,40
Libbie,Francois,Duxbarry,22/12/2004,70,92,64
Morganne,Claesens,Bugge,18/04/2011,22,33,19
Ruby,Ivashkin,Phipps,18/08/2019,50,8,48
Becca,Lobley,Swettenham,26/03/2013,56,61,72
Doralin,Dugue,Leavry,06/06/1997,100,60,81
Leoine,Labro,Parlott,26/05/1999,50,77,16
Latrina,McMichell,Glowinski,25/07/2005,78,94,64
Trumaine,Styles,Raccio,29/04/2010,44,89,39
Karena,Cridland,Penning,29/12/2003,30,20,27
Simona,Wilse,Houlison,30/09/2002,16,40,59
Ashlee,Styles,Del Dello,14/05/2003,18,68,9
Kelbee,Calow,Bedinham,07/07/2001,57,8,38
Devan,Stainton - Skinn,Irce,24/02/2017,78,14,28
Hanan,Brandsma,Garken,06/05/2001,31,23,19
Haslett,Bridgett,McGroarty,06/07/2006,27,93,27
Micki,Slyman,Burgott,08/11/1997,78,20,42
Ariel,Rannigan,O'Day,30/09/2005,93,36,25
Nicolai,Joll,Lavalde,08/05/2016,32,72,51
Eirena,Donaghy,Cowey,17/10/2016,4,12,67
Sylvan,Sheard,Bjerkan,30/08/2018,11,49,32
Nichole,Posselwhite,Towriss,17/07/2004,55,96,39
Basile,Francescotti,Abrahmson,05/02/2010,63,77,56
Gui,Arderne,Yerborn,05/09/2019,36,88,22
Lucine,Yorkston,Cardus,18/03/1998,62,27,13
Maryanna,Ringe,Kopman,14/09/2000,9,73,14
Tobin,Devennie,Brunke,11/11/2007,92,55,69
Weylin,Gutowska,Sewards,05/10/2018,54,93,82
Claudetta,Cranson,McDonough,22/07/2004,46,85,100
Curran,Pumfrett,Dufoure,10/06/2003,53,88,96
Christoph,Ruddy,Height,14/11/2018,59,51,36
Alister,Houchin,Berzon,06/08/2018,40,94,25
Evaleen,Rowaszkiewicz,Dumbellow,26/04/2011,29,79,36
Corny,Castella,Balshen,01/05/2008,77,65,61
Danny,Facchini,Pitherick,21/04/2001,64,41,31
Ruthann,Leguay,de Werk,30/03/2012,15,36,61
Esther,Longfoot,Shanley,30/11/2018,90,42,74
Rog,Mountlow,Kilbourne,05/09/2018,46,26,83
Shermy,Hartford,Bernardelli,10/06/2018,98,97,92
Euphemia,Dowdell,Meldon,19/02/2001,75,40,81
Rossy,Sheryn,Colkett,31/01/2000,83,18,21
Donaugh,O'Sheils,Ruggles,10/01/2007,33,11,96
Janenna,Utteridge,Filipson,25/04/2007,43,17,33
Jami,Ruegg,Balloch,23/01/2009,50,29,47
Shalne,Fouracre,Spellward,21/09/1998,60,27,89
Meyer,Studart,Waye,07/04/2004,97,97,99
Tymothy,Juppe,Rustman,10/02/2000,90,44,15
Danit,Wilshaw,Sugge,28/05/2016,32,49,18
Carling,Dielhenn,Dionsetti,15/03/2001,6,42,13
Kipp,Aulsford,Chill,11/10/2004,93,94,89
Anson,Zimmerman,Squibe,27/10/1998,40,12,94
Dana,Meneghi,Moncey,15/07/1997,72,12,11
Barnabas,Graalman,Chadwyck,24/12/1999,70,36,3
Fiorenze,Souch,Allum,25/01/2008,93,86,11
Elyssa,Lantiff,Mealand,16/11/2014,41,32,42
Craggie,Wilmington,Lintin,01/11/1997,67,100,42
Keefe,Machen,Langton,15/04/2005,57,33,11
Abra,Saenz,Tudhope,01/06/2004,86,15,55
Giorgio,Doret,Coultish,14/05/2008,75,61,21
Mirella,Mayoh,Huller,16/10/2012,53,69,2
Marijo,Birnie,Whistlecroft,27/02/2006,66,24,57
Francklyn,Klulisek,Hagergham,09/11/2017,85,75,75
Derek,Gallier,Santer,06/06/2010,15,54,34
Corrianne,Gaskill,Clarae,04/07/2017,23,29,15
Dave,Gentner,Vamplew,23/03/2020,97,41,92
Cloris,Clawsley,Iacovini,03/04/2019,58,28,22
Amaleta,Lorens,covino,13/11/2010,27,70,22
Enrika,Gunby,Muschette,12/07/2005,92,5,91
Wayland,Timlin,Kristufek,15/08/2002,44,44,39
Birch,Kolyagin,Sedgefield,10/05/2001,28,26,81
Tamarah,Phelipeau,Drewitt,02/09/2009,28,95,37
Patricia,Ingre,Stening,29/11/1998,78,55,44
Valaree,Walcot,Heale,14/11/2014,68,83,56
Madison,Crumpton,Winsley,19/03/2013,83,10,40
Tallia,Stockings,Escala,17/02/2013,65,37,46
Ernestus,Burg,Punyer,13/09/2020,22,97,97
Alvy,Szachniewicz,Click,07/05/2002,63,86,20
Chancey,Leeman,Besson,19/01/2008,94,40,74
Rodge,Leupold,MacFayden,18/05/2001,57,33,13
Ezra,Yuryaev,McLese,16/08/2000,82,25,67
Aileen,Blais,Kearey,06/07/2014,96,40,28
Edythe,Gronaller,Schulter,17/09/2004,89,67,77
Ethyl,Chate,Boraston,11/12/2009,8,11,88
Electra,Sivior,Longman,18/04/2010,56,55,12
Minette,Nelthorp,Trelease,09/09/2013,60,55,25
Gearalt,MacNockater,Pavlovsky,09/06/1999,49,38,85
Thomasine,Trembey,Korous,08/07/2002,42,64,81
Lu,Sanney,Sheere,15/09/2005,68,99,88
Cory,Baswall,Spitaro,16/01/2017,100,35,77
Ondrea,Cunio,Eymor,24/09/2008,35,11,72
Ofelia,Brent,Ellse,22/04/2001,6,3,55
Nikaniki,Cottel,Locock,18/11/2014,50,8,11
Abbot,Petty,Lithcow,24/11/2014,51,62,21
Gayelord,Siward,Ings,24/08/2013,90,86,95
Fawn,Gietz,Cutchey,20/01/2007,10,42,99
Samuel,Giriardelli,Woolston,18/02/2002,31,67,86
Frederic,Orrow,Danilov,05/04/2019,26,93,57
Nahum,Bowmaker,Wilcinskis,04/07/2015,49,57,19
Maury,Radden,Summerrell,23/07/2002,43,15,37
Meier,Klebes,Grain,28/04/2021,5,57,36
Modesta,Siveyer,Witherow,12/02/2000,36,90,54
Tracee,Saiens,Jecock,28/05/2002,21,21,79
Loise,Godfrey,Biffin,03/07/2018,27,50,88
Brittaney,Jakovijevic,Lenahan,21/06/2012,50,60,8
Bendite,Worcs,Ramsell,06/01/2021,46,49,75
Nathalia,Kedward,Bloschke,18/04/2009,24,8,36
Halsy,Edgehill,De la croix,03/02/2021,15,99,59
Tomlin,Scaplehorn,Aplin,25/07/2008,92,11,39
Northrop,Stepney,Neighbour,16/07/2017,60,77,6
Mildred,Franke,Oak,13/08/2012,85,70,72
Augy,Dofty,Sallinger,22/01/2016,51,94,59
Jennica,Cassels,Smedmoor,07/08/1999,2,17,91
Jaimie,MacVean,Linfoot,28/08/2013,94,97,98
Bevvy,Cinnamond,Laye,27/03/2021,55,31,34
Calypso,Monelli,Joss,09/10/2013,7,50,91
Evelyn,Hansman,Pierse,27/03/2020,69,76,89
Dew,Scambler,Wandrach,13/09/2008,59,22,77
Emmy,Alexsandrovich,Roches,13/06/2003,66,54,52
Alice,Pilsworth,Congdon,18/11/2016,13,57,77
Griffy,Amiranda,Fairebrother,04/07/2017,26,9,96
Ralph,Minty,Gillinghams,05/03/2011,48,41,91
Addison,Aulton,Struis,31/05/2014,79,17,61
Pepillo,Barbara,Camelli,11/11/2016,91,66,21
Robbi,Tithecote,Buttle,17/08/2020,4,30,59
Evita,Wolvey,McGurgan,11/11/2002,5,20,44
Dyana,Quartly,Connelly,30/04/2018,77,91,1
Lynelle,Saines,Asbury,13/01/1999,63,64,100
Kally,Anglish,Towsey,09/08/2008,14,54,44
Pavel,Domke,McEvilly,15/01/2013,67,21,35
Wilmar,Backen,Kirman,25/10/2007,0,2,57
Shani,January,Shorton,28/08/2012,52,33,66
Liliane,Gawthorp,Heeran,05/10/2012,93,69,24
Elia,Pinilla,Shenfisch,20/01/2006,87,7,30
Leland,Cunio,Tother,02/05/2020,65,3,44
Cindee,Stribling,Carreck,12/10/2012,98,29,75
Bernadine,Petranek,Durbann,04/02/2000,99,26,69
Dawna,Lyvon,Della Scala,05/08/1999,98,92,7
Bernardina,Laing,Lucchi,24/07/2019,75,19,49
Laurene,Davers,Henmarsh,01/06/2008,48,4,30
Roshelle,Pindar,A'Barrow,08/07/1997,36,55,28
Hertha,Thandi,Giovannazzi,28/07/2001,99,49,64
Lindsey,MacNeachtain,Avann,09/11/2004,50,74,2
Chris,Ruggen,Dammarell,19/04/2019,92,82,92
Sid,Bolens,Geraldi,20/05/2018,6,29,36
Marcel,Martinelli,Danielsson,10/09/2000,92,74,90
Menard,Frankowski,Pomfrett,25/12/1997,51,13,17
Ursulina,Webburn,Glasard,26/01/2001,96,85,88
Maxie,Rosewall,Quimby,02/02/2018,8,40,42
Luelle,Petz,Larkkem,07/09/2013,86,52,87
Mariann,Besset,De Giorgis,03/02/2013,30,54,46
Dimitri,Vautin,Woodcroft,17/10/2005,75,48,91
Cindi,Bilham,Ambresin,06/04/2018,32,11,99
Alejoa,Atterbury,Girling,14/05/1998,99,3,78
Braden,Wardesworth,Bonsul,15/05/2015,8,41,39
Timothea,Dinsey,Stormouth,17/03/1998,14,95,95
Drud,Dunsford,Butts,10/02/2014,43,45,55
Andros,Jeeves,Stather,16/03/2007,31,20,99
Melvyn,Kuban,Renzini,28/09/2001,46,10,54
Audry,Devinn,Blankley,27/03/2017,75,27,93
Freda,Busst,Tomenson,28/07/2008,98,89,89
Jyoti,Haliday,Kimble,11/06/2000,29,78,78
Ashley,Tiffin,Dornin,05/05/2020,73,15,22
Ranice,Caras,Manby,22/08/2006,92,54,79
Ashlan,MacCardle,Quittonden,19/10/2016,74,15,8
Wernher,Tchir,Kidstone,27/03/2021,84,56,3
Angela,Issacson,Klosges,18/09/2009,37,63,55
Rivkah,Haslehurst,Tiffney,25/08/2002,88,39,93
Grove,Paynton,Fallis,11/02/2020,43,78,68
Randolph,Narey,Ends,05/05/2005,25,32,30
Emmott,Jerdon,Barrim,31/12/2001,83,100,73
Paule,Paal,Yezafovich,27/06/2009,80,18,65
Holt,Meece,Stellino,03/03/2016,42,66,81
Dyana,Comer,Sutworth,14/06/2020,58,59,36
Burch,Ruffles,Diamond,27/02/2010,4,73,15
Thomasina,Merring,Whipple,22/09/1998,39,8,62
Erwin,Polson,Cowdroy,05/03/2001,76,47,70
Warde,McCurley,Cabral,17/05/1998,74,16,73
Jenica,Brunicke,Leftridge,19/05/2011,56,11,85
Rianon,Mico,Vogele,06/05/2006,77,17,26
Claybourne,Roskelley,Glason,05/05/2002,12,24,48
Koralle,Olivetti,Recke,13/09/2017,13,18,16
Rubia,Farnaby,Plowright,17/09/2000,22,86,50
Mikaela,Khomich,Pezey,06/02/2006,54,99,58
Saloma,Fautly,Smout,14/12/2008,34,90,32
Martino,Moynham,Hayworth,22/01/2004,21,2,89
Ronnie,Stoite,Arnaez,12/08/2013,92,77,21
Pernell,Belch,Cran,21/05/2014,93,67,41
Misty,Hanaby,Blennerhassett,29/10/2011,21,12,61
Skipp,Lock,Wordsworth,13/09/2009,11,10,58
Em,Jefford,Cobley,15/11/1999,33,19,68
Beckie,Hue,Colebeck,01/06/2004,75,93,4
Drugi,Mullenger,Ubsdall,19/05/2004,29,50,65
Ianthe,Whatson,Volant,19/05/2010,55,89,4
Alysa,Dangerfield,Thrustle,22/09/2017,100,52,15
Muhammad,Branston,Weber,02/04/2016,72,39,59
Antonin,Cheston,Kaygill,01/03/2003,46,70,36
Elvis,Mival,Gounod,22/04/2017,94,15,44
Andrei,Nuzzi,Coper,08/02/2009,53,52,68
Glynn,Beautyman,Seckington,24/12/2019,71,41,50
Audre,Westhofer,Monan,02/03/2003,73,1,53
Jozef,Yuill,Vockins,04/01/2006,51,37,96
Karon,Alldridge,Gurdon,17/06/2000,43,16,51
Katharyn,Whitsey,Beedle,05/06/2007,0,100,61
Melesa,Henzer,Burds,23/08/2012,64,67,36
Octavius,Chappelle,Morrill,30/07/2013,60,74,36
Zeb,Roskelley,McRorie,13/11/2018,45,51,20
Debee,Craufurd,Lotze,22/02/2014,68,67,2
Dmitri,Gauson,McEttigen,05/04/2017,51,69,72
Trista,Garrick,Raitt,06/10/2020,62,58,92
Fred,Fosbraey,Hagstone,09/09/2015,75,42,15
Winslow,McGorley,Flavelle,01/08/2005,58,26,74
Kath,Perree,Purvess,31/05/2014,98,71,86
Raul,Dahill,Halden,07/07/2009,13,7,92
Joanne,Padefield,Pim,17/08/2015,20,15,64
Myrtia,Bendon,Blais,12/01/2011,41,84,86
Bartholomeo,Hampstead,Kuhnt,25/02/2009,83,68,34
Dacie,Danbi,Abbess,03/03/2016,44,100,70
Nollie,Skillman,Manjin,21/02/2009,31,67,43
Danna,Catley,Francklin,23/09/2018,37,20,7
Vivyan,Josland,Tather,24/04/2005,42,63,80
Pauly,Candish,Audus,09/12/2003,86,57,4
Ogdan,Dobell,Mardle,07/11/2003,66,96,54
Sonja,Gehrtz,Chrstine,17/09/2002,17,94,74
Madelaine,Dilloway,Coldbreath,20/05/2012,59,55,91
Marleen,Copcott,Dilrew,31/03/2016,100,20,91
Jae,De Clairmont,Whitrod,16/05/2002,92,41,79
Daveta,Oswal,Bigland,19/12/2002,59,66,56
Lise,Onn,Isbell,21/01/2018,48,96,66
Ciro,Manhood,Vittet,03/03/2015,97,21,13
Horton,Eblein,Lowson,11/09/2020,51,96,80
Carry,Elger,Chesworth,25/08/2012,29,59,76
Jade,Munnings,Walmsley,08/09/2020,97,50,80
Garey,Kempshall,Salzberg,26/06/2003,66,75,40
Engracia,Yersin,Huddleston,30/10/2003,72,48,34
Bennie,Yeardsley,Sennett,20/07/2016,57,75,78
Antonin,Rashleigh,Erdis,07/11/2015,95,15,41
Verene,Korous,Silk,21/05/2016,24,78,81
Horatio,Ivankov,Wulfinger,20/07/2008,1,75,57
Nial,Scurlock,Klarzynski,07/07/2006,41,54,56
Gunner,Hardaway,Kiellor,11/05/2008,23,71,1
Wyndham,Bishop,Bradd,22/08/2008,11,87,93
Hillyer,Flores,Goncaves,02/03/2002,21,13,89
Jacky,Pregal,McLugaish,31/05/2019,98,13,68
Siobhan,Bartlam,Clever,19/12/2000,86,78,31
Mirelle,Skerritt,Crippill,19/02/2002,71,55,9
Franchot,Watkiss,Ohrt,21/06/2013,90,83,73
Land,Bruford,Durbin,30/09/2004,78,85,83
Danie,Hurlin,Breit,08/08/2017,19,86,79
Neala,Stoffels,Pennoni,12/06/2002,20,60,95
Hal,Gravener,Brannan,31/03/2020,83,33,51
Giffie,Grevel,McCombe,18/02/2006,4,65,62
Nomi,Fice,Cuchey,28/01/2002,85,42,3
Redford,Allott,Drissell,08/11/2001,38,80,57
Heloise,Folbig,Kirley,07/10/2002,79,24,69
Sissie,Mulqueeny,Grieveson,16/07/2017,37,82,95
Griff,Rollings,Hornig,27/06/2004,12,67,65
Artair,Hemms,Hambly,29/11/2018,80,63,18
Timmie,Probbin,Brimmell,07/11/1998,58,89,65
Briney,Maffin,Devlin,29/12/1997,61,60,58
Lindsay,Schellig,Addicott,02/08/1997,78,100,15
Lesley,Blaksland,Dewett,05/10/2018,69,9,47
Alexandra,Woolner,Ounsworth,05/08/2001,0,12,42
Emiline,Farrens,Grieger,13/07/2009,53,65,47
Emmalynne,Colbridge,Trevallion,30/03/2020,68,93,29
Guillemette,Vogel,Ancliff,12/07/2003,17,92,58
Masha,Rees,O'Connell,14/09/2014,4,32,9
Rafe,Lanbertoni,Isworth,14/12/2009,22,43,54
Bellanca,Hallor,Geeson,17/11/1998,22,16,27
Amitie,Whinray,Purry,03/12/2006,39,12,87
Marshal,Baxstar,Chidgey,06/03/2019,39,85,15
Brewster,Jillings,Baldin,12/06/2017,92,68,66
Donovan,Austick,Draysay,13/02/1999,69,17,39
Hansiain,Walklett,Vineall,27/02/2020,77,90,26
Rahal,Genney,Teck,20/12/2011,74,23,2
Selia,Willshee,Junkinson,06/11/2018,18,50,63
Karleen,Kropp,Bignal,06/08/2002,26,4,19
Valentino,Grumley,Tippell,11/03/2021,79,11,11
Janice,Stallwood,Grimsdale,09/02/2007,17,11,61
Gwendolin,Fife,Hugk,23/08/1998,25,71,72
Willi,Girault,Seacroft,12/12/1997,69,97,6
Teriann,Preece,Wingar,29/06/2008,23,53,20
Sadella,Vasyukhichev,Bohlje,12/06/2000,44,80,95
Eleen,Pizzie,Macewan,09/01/2021,94,43,21
Ettie,Mate,Moyes,17/02/2003,2,30,19
Siward,Choake,De Maine,22/11/2006,25,35,30
Dallon,Coger,Cavet,07/09/2004,12,50,96
Granthem,Bestwerthick,Sidry,10/09/2009,47,42,37
Grace,Kubczak,Stourton,25/11/2016,93,58,46
Delia,Pyrah,Rilings,16/03/1998,59,24,39
Chery,Lucius,Chattell,17/10/2013,81,54,34
Estrellita,Hobble,McDade,27/03/2001,44,14,66
Adara,Jinda,Lawlee,21/01/1999,56,75,79
Selie,Hise,Fiddeman,03/07/1998,93,90,97
Neilla,Clayhill,Arnke,27/04/2005,16,27,39
Tiertza,Swainson,Houltham,20/05/1998,34,36,98
Corette,Towler,Tiffin,01/02/2003,22,26,65
Leonhard,Arnely,O'Cassidy,10/09/2011,80,13,68
Neil,Westhofer,Kowalski,25/01/2005,23,26,57
Emmery,Chaudret,de Keyser,29/01/2009,92,56,48
Johny,Devenny,Stuchberry,20/09/2018,5,10,73
Javier,Sturzaker,Densun,07/08/2003,54,42,85
Janna,Montes,Boliver,08/03/2008,14,24,13
Lew,Weeds,Linnett,27/06/2012,45,5,23
Morly,Rockhall,Medwell,11/03/2018,48,86,15
Annora,Mantha,Hemphall,10/02/2001,2,51,21
Lemmie,Wrench,Cappleman,23/01/2000,50,74,60
Kippar,Holsey,Irvine,03/06/2010,86,75,21
Lanny,Baggallay,Cooke,30/07/2004,58,35,54
Allyson,Fairpo,Durno,12/12/2013,55,38,12
Gerrard,Manhood,Connop,20/07/2005,0,3,4
Ambros,Cisec,Shiell,25/09/2017,6,39,86
Odilia,Silly,Lecount,20/01/2016,86,72,24
Jarad,Keasy,Ashmole,21/06/2018,23,73,43
Karie,Adame,Whichelow,07/03/2014,26,97,93
Kevon,Deverille,Cansdell,15/07/2003,63,20,74
Ethelda,Longhi,Yezafovich,29/06/2004,64,76,84
Hervey,Irons,Berisford,23/06/2005,75,65,48
Dana,Manuaud,Peotz,11/10/2004,76,22,98
Joletta,Eschalotte,MacGow,19/09/2010,60,100,16
Charlene,O'Dennehy,Kelsow,03/08/2007,73,96,95
Georgianna,Rae,Del Monte,14/07/2003,58,6,59
Kerk,Meakin,Filochov,18/03/2008,50,53,85
Barthel,Dwerryhouse,Smooth,10/09/2001,66,26,47
Devonne,Allcock,Rosenzwig,23/06/2020,100,96,43
Marya,Farquharson,Dickens,31/05/2008,40,50,82
Thomasine,Bircher,MacKaig,07/10/2012,73,28,57
Rockwell,Domb,Kretschmer,06/04/2014,65,81,17
Gregory,Gillman,Baudouin,28/01/2002,39,45,1
Bevan,Harroll,Sieb,06/07/2004,21,15,75
Meggi,Bickerstaffe,Hencke,14/01/2019,57,95,62
Chan,Culbert,Pearce,29/05/2017,46,22,54
Adler,Lillford,Spinas,24/10/2016,58,6,58
Annalee,Olley,Harnwell,09/10/2019,74,30,69
Kellsie,Ilchenko,Gremain,17/03/2001,43,25,67
Rodi,Bindon,Derrington,16/01/2012,65,96,11
Vasili,Siviour,St Quenin,31/03/2013,63,95,85
Hailey,Prangnell,Drought,05/10/2001,14,95,39
Adrien,Finlay,Penella,29/12/2014,54,8,63
Cynthea,Retchless,Billing,08/02/2021,68,23,82
Orton,Unthank,Amorts,18/03/2004,11,99,27
Orsa,Sabattier,Burbridge,13/11/1998,35,26,8
Antoni,Waterhowse,Lett,26/11/2000,90,59,20
Bill,Derry,Tomsu,03/05/2000,39,57,35
Romona,Rive,Crayden,14/06/2010,77,63,56
Florette,Demkowicz,Poe,05/11/2018,74,16,21
Harmon,Kimberley,Constantinou,13/12/2019,75,76,18
Cedric,Gregoratti,Huccaby,10/03/1998,46,62,42
Estele,Skillett,Humpherston,28/12/2016,9,8,36
Freddy,Loomis,Grigs,14/05/2005,94,29,34
Margaret,Mathiassen,Tofanini,30/01/2009,73,58,37
Curr,Barlee,Pearch,21/11/2002,52,38,71
Doe,McRannell,Lief,12/05/2014,17,39,53
Reinhold,Ramelot,Lande,16/03/2019,53,50,66
Christoffer,Zoellner,Andreu,11/06/1998,3,4,35
Tressa,Manon,Batcock,07/10/2001,45,85,4
Roarke,Bartomeu,Stanger,19/04/2014,91,44,92
Warden,Pedrielli,Attride,18/06/2020,82,27,7
Collete,Olivetta,Rankling,02/05/2005,41,36,24
Arabele,Tesche,Pietrasik,24/02/2017,21,52,95
Glynda,Dockerty,Hulks,10/01/2016,68,13,66
Mirabelle,Lidgerton,Hardman,07/08/2003,69,4,42
Joann,Lerer,Destouche,29/07/1998,77,79,7
Ezmeralda,McCauley,Neesam,25/07/2005,9,49,10
Angy,Klein,Shelley,21/09/2000,47,61,65
Sue,Whether,Buttriss,19/05/2017,88,40,76
Tobias,Roselli,Jimpson,03/12/2009,95,29,43
Ianthe,Rau,Rameau,11/11/2001,30,33,96
Rolfe,Piddock,Anmore,01/04/2015,18,70,98
Lissy,Bassingham,Tomaskov,19/03/2006,59,50,34
Eada,Gutsell,Vaadeland,05/12/2013,1,86,84
Dawna,Bauduin,Caulliere,04/04/2000,24,75,95
Hartwell,Woodus,Cadalleder,26/10/2007,5,63,98
Bengt,Felix,Ventam,01/01/2002,60,85,92
Karel,Mauro,Petrescu,20/08/2013,0,28,35
Pavla,Moulster,Ayling,14/01/2005,47,37,77
Dilan,Larchiere,Shales,02/03/2004,84,99,31
Tally,Reith,Hamilton,17/06/2016,0,14,57
Saudra,Marzelli,Jewar,08/08/2016,72,24,48
Ruggiero,Pancoast,Goscomb,02/09/2016,58,36,72
Deeanne,Yuill,MacCleod,24/03/2019,19,77,43
Sayre,Deakin,Plackstone,09/07/2000,67,57,20
Justis,Madre,Schnitter,01/12/2009,55,69,83
Jillana,Bockler,Tune,08/02/2019,75,85,11
Sashenka,Glenton,Bricket,05/11/1999,29,40,78
Bjorn,Vassar,Cullimore,14/04/2005,6,72,98
Norris,Shard,Batsford,22/08/1997,35,23,25
Alessandra,Paradis,Neely,12/07/2013,51,89,88
Ula,Blaxill,Whayman,01/08/2004,4,87,56
Elroy,Itchingham,Meere,26/03/2000,91,13,34
Hayden,Lorne,Djekic,24/12/2004,31,12,11
Angelo,Draijer,Willars,11/10/1999,15,36,48
Teddy,Fielding,Jarrel,19/11/2007,31,29,84
Cleo,Govern,Bann,15/11/2020,85,92,66
Margaretta,Deverock,McNirlin,30/08/2011,25,61,62
Fawn,Brooksby,Bern,26/08/1998,36,40,32
Ronalda,Cordrey,Gleadhell,17/10/2009,42,47,19
Trixie,Woodrow,Kibel,12/06/2001,59,29,16
Leon,Seyffert,Heckle,27/08/2007,76,14,63
Beverley,Luscott,Reide,28/01/2005,0,98,100
Grantley,Lancaster,Cockayme,04/12/2008,39,43,94
Lucien,Edger,Lortzing,23/11/2011,13,22,3
Ricki,Wike,Bernaldez,12/03/2016,50,23,16
Alwyn,Haisell,Normandale,30/06/2020,7,76,78
Reube,Ingold,Catto,25/12/2012,30,89,59
Patrice,MacShirrie,Clew,20/12/2013,51,39,54
Maible,Ruggs,Mc Mechan,27/08/2014,5,73,30
Danyelle,Mikalski,Mateos,27/05/2010,96,62,39
Tandi,Longcake,Rihosek,06/04/2000,93,12,55
Genny,Gonoude,Burniston,05/01/2007,38,32,96
Eldredge,Wiltshaw,Bremeyer,25/08/2001,46,29,44
Sari,Trunkfield,Bonde,19/12/2010,85,6,3
Dorothee,Pyne,Sabine,11/06/2019,88,58,25
Selena,Puttnam,Zanettini,03/02/2016,32,29,58
Gates,Potts,Chisnell,04/08/2012,90,55,59
Reagan,Matiashvili,Wardhough,30/05/2006,92,37,3
Alleyn,Lillo,Keilloh,06/01/2011,100,56,33
Erik,Wadsworth,Jordeson,31/01/2000,87,100,47
Tessi,Gioan,Duny,16/01/2001,94,14,22
Elysha,MacGrath,Devanny,04/12/2015,26,45,63
Jemmie,Pretor,Raft,24/11/2015,57,78,55
Dewey,Pinchin,Roft,21/12/2004,20,62,36
Findley,Garrigan,Dries,20/03/2016,60,13,59
Karna,Goldsack,Laddle,18/05/2012,31,88,34
Bryce,Shackel,Habert,13/06/2020,81,43,24
Euell,Fishe,Footitt,16/05/2017,65,83,46
Kari,Huntingdon,Lyptrade,28/03/2019,28,1,32
Lucio,Beeckx,Stanger,17/08/2018,52,33,17
Hunfredo,Toft,Epple,19/12/2017,11,32,63
Mac,Lofthouse,O'Cannavan,30/01/2017,72,27,19
Douglas,Townshend,Warman,18/09/2012,70,31,82
West,Semiraz,Stothart,20/06/1997,63,37,77
Myca,Eubank,Neilan,07/02/2009,37,64,24
Brady,Kleint,Sergeaunt,19/04/2002,36,90,91
Munroe,Laying,Albury,23/05/2011,59,24,5
Stavros,Dybald,Danielot,22/12/2004,30,22,2
Margret,Schuchmacher,Marzello,05/02/2010,99,45,72
Dallis,Longthorn,Toner,27/03/2003,7,19,55
Adelbert,Kordes,Oakden,23/09/2008,76,83,88
Marvin,McMillian,Extill,04/06/1998,71,52,1
Benito,Quiney,Field,17/03/2001,80,67,96
Crissie,Fiennes,Cornelissen,18/02/2012,9,84,10
Charmaine,Muehle,Dumini,29/10/1998,78,5,37
Kay,Castel,De Beneditti,23/11/2009,72,73,54
Marguerite,Edmundson,Sincock,29/06/2001,38,50,23
Eachelle,Matushevich,Nelligan,16/07/2002,3,28,78
Ashbey,Nani,Lindblom,22/11/2005,24,94,54
Rennie,Rentilll,Roze,27/10/2016,93,76,64
Nancy,Panchen,Clurow,18/05/2020,100,57,83
Rivi,MacGinney,MacElane,01/06/2005,12,19,98
Merrie,Reeder,Corrigan,13/02/2001,12,75,73
Jaymee,Gaspard,Beagen,26/03/2015,48,15,42
Keefer,Krolman,McKeighan,29/04/2011,50,42,6
Yank,Brigham,Dellatorre,15/11/2009,53,62,50
Beverie,Keatley,Isenor,11/11/2006,56,7,49
